calday,calmonth,day
20230101,202301,Domingo
20230102,202301,Lunes
20230103,202301,Martes
20230104,202301,Miercoles
20230105,202301,Jueves
20230106,202301,Viernes
20230107,202301,Sabado
20230108,202301,Domingo
20230109,202301,Lunes
20230110,202301,Martes
20230111,202301,Miercoles
20230112,202301,Jueves
20230113,202301,Viernes
20230114,202301,Sabado
20230115,202301,Domingo
20230116,202301,Lunes
20230117,202301,Martes
20230118,202301,Miercoles
20230119,202301,Jueves
20230120,202301,Viernes
20230121,202301,Sabado
20230122,202301,Domingo
20230123,202301,Lunes
20230124,202301,Martes
20230125,202301,Miercoles
20230126,202301,Jueves
20230127,202301,Viernes
20230128,202301,Sabado
20230129,202301,Domingo
20230130,202301,Lunes
20230131,202301,Martes
20230201,202302,Miercoles
20230202,202302,Jueves
20230203,202302,Viernes
20230204,202302,Sabado
20230205,202302,Domingo
20230206,202302,Lunes
20230207,202302,Martes
20230208,202302,Miercoles
20230209,202302,Jueves
20230210,202302,Viernes
20230211,202302,Sabado
20230212,202302,Domingo
20230213,202302,Lunes
20230214,202302,Martes
20230215,202302,Miercoles
20230216,202302,Jueves
20230217,202302,Viernes
20230218,202302,Sabado
20230219,202302,Domingo
20230220,202302,Lunes
20230221,202302,Martes
20230222,202302,Miercoles
20230223,202302,Jueves
20230224,202302,Viernes
20230225,202302,Sabado
20230226,202302,Domingo
20230227,202302,Lunes
20230228,202302,Martes
20230301,202303,Miercoles
20230302,202303,Jueves
20230303,202303,Viernes
20230304,202303,Sabado
20230305,202303,Domingo
20230306,202303,Lunes
20230307,202303,Martes
20230308,202303,Miercoles
20230309,202303,Jueves
20230310,202303,Viernes
20230311,202303,Sabado
20230312,202303,Domingo
20230313,202303,Lunes
20230314,202303,Martes
20230315,202303,Miercoles
20230316,202303,Jueves
20230317,202303,Viernes
20230318,202303,Sabado
20230319,202303,Domingo
20230320,202303,Lunes
20230321,202303,Martes
20230322,202303,Miercoles
20230323,202303,Jueves
20230324,202303,Viernes
20230325,202303,Sabado
20230326,202303,Domingo
20230327,202303,Lunes
20230328,202303,Martes
20230329,202303,Miercoles
20230330,202303,Jueves
20230331,202303,Viernes
20230401,202304,Sabado
20230402,202304,Domingo
20230403,202304,Lunes
20230404,202304,Martes
20230405,202304,Miercoles
20230406,202304,Jueves
20230407,202304,Viernes
20230408,202304,Sabado
20230409,202304,Domingo
20230410,202304,Lunes
20230411,202304,Martes
20230412,202304,Miercoles
20230413,202304,Jueves
20230414,202304,Viernes
20230415,202304,Sabado
20230416,202304,Domingo
20230417,202304,Lunes
20230418,202304,Martes
20230419,202304,Miercoles
20230420,202304,Jueves
20230421,202304,Viernes
20230422,202304,Sabado
20230423,202304,Domingo
20230424,202304,Lunes
20230425,202304,Martes
20230426,202304,Miercoles
20230427,202304,Jueves
20230428,202304,Viernes
20230429,202304,Sabado
20230430,202304,Domingo
20230501,202305,Lunes
20230502,202305,Martes
20230503,202305,Miercoles
20230504,202305,Jueves
20230505,202305,Viernes
20230506,202305,Sabado
20230507,202305,Domingo
20230508,202305,Lunes
20230509,202305,Martes
20230510,202305,Miercoles
20230511,202305,Jueves
20230512,202305,Viernes
20230513,202305,Sabado
20230514,202305,Domingo
20230515,202305,Lunes
20230516,202305,Martes
20230517,202305,Miercoles
20230518,202305,Jueves
20230519,202305,Viernes
20230520,202305,Sabado
20230521,202305,Domingo
20230522,202305,Lunes
20230523,202305,Martes
20230524,202305,Miercoles
20230525,202305,Jueves
20230526,202305,Viernes
20230527,202305,Sabado
20230528,202305,Domingo
20230529,202305,Lunes
20230530,202305,Martes
20230531,202305,Miercoles
20230601,202306,Jueves
20230602,202306,Viernes
20230603,202306,Sabado
20230604,202306,Domingo
20230605,202306,Lunes
20230606,202306,Martes
20230607,202306,Miercoles
20230608,202306,Jueves
20230609,202306,Viernes
20230610,202306,Sabado
20230611,202306,Domingo
20230612,202306,Lunes
20230613,202306,Martes
20230614,202306,Miercoles
20230615,202306,Jueves
20230616,202306,Viernes
20230617,202306,Sabado
20230618,202306,Domingo
20230619,202306,Lunes
20230620,202306,Martes
20230621,202306,Miercoles
20230622,202306,Jueves
20230623,202306,Viernes
20230624,202306,Sabado
20230625,202306,Domingo
20230626,202306,Lunes
20230627,202306,Martes
20230628,202306,Miercoles
20230629,202306,Jueves
20230630,202306,Viernes
20230701,202307,Sabado
20230702,202307,Domingo
20230703,202307,Lunes
20230704,202307,Martes
20230705,202307,Miercoles
20230706,202307,Jueves
20230707,202307,Viernes
20230708,202307,Sabado
20230709,202307,Domingo
20230710,202307,Lunes
20230711,202307,Martes
20230712,202307,Miercoles
20230713,202307,Jueves
20230714,202307,Viernes
20230715,202307,Sabado
20230716,202307,Domingo
20230717,202307,Lunes
20230718,202307,Martes
20230719,202307,Miercoles
20230720,202307,Jueves
20230721,202307,Viernes
20230722,202307,Sabado
20230723,202307,Domingo
20230724,202307,Lunes
20230725,202307,Martes
20230726,202307,Miercoles
20230727,202307,Jueves
20230728,202307,Viernes
20230729,202307,Sabado
20230730,202307,Domingo
20230731,202307,Lunes
20230801,202308,Martes
20230802,202308,Miercoles
20230803,202308,Jueves
20230804,202308,Viernes
20230805,202308,Sabado
20230806,202308,Domingo
20230807,202308,Lunes
20230808,202308,Martes
20230809,202308,Miercoles
20230810,202308,Jueves
20230811,202308,Viernes
20230812,202308,Sabado
20230813,202308,Domingo
20230814,202308,Lunes
20230815,202308,Martes
20230816,202308,Miercoles
20230817,202308,Jueves
20230818,202308,Viernes
20230819,202308,Sabado
20230820,202308,Domingo
20230821,202308,Lunes
20230822,202308,Martes
20230823,202308,Miercoles
20230824,202308,Jueves
20230825,202308,Viernes
20230826,202308,Sabado
20230827,202308,Domingo
20230828,202308,Lunes
20230829,202308,Martes
20230830,202308,Miercoles
20230831,202308,Jueves
20230901,202309,Viernes
20230902,202309,Sabado
20230903,202309,Domingo
20230904,202309,Lunes
20230905,202309,Martes
20230906,202309,Miercoles
20230907,202309,Jueves
20230908,202309,Viernes
20230909,202309,Sabado
20230910,202309,Domingo
20230911,202309,Lunes
20230912,202309,Martes
20230913,202309,Miercoles
20230914,202309,Jueves
20230915,202309,Viernes
20230916,202309,Sabado
20230917,202309,Domingo
20230918,202309,Lunes
20230919,202309,Martes
20230920,202309,Miercoles
20230921,202309,Jueves
20230922,202309,Viernes
20230923,202309,Sabado
20230924,202309,Domingo
20230925,202309,Lunes
20230926,202309,Martes
20230927,202309,Miercoles
20230928,202309,Jueves
20230929,202309,Viernes
20230930,202309,Sabado
20231001,202310,Domingo
20231002,202310,Lunes
20231003,202310,Martes
20231004,202310,Miercoles
20231005,202310,Jueves
20231006,202310,Viernes
20231007,202310,Sabado
20231008,202310,Domingo
20231009,202310,Lunes
20231010,202310,Martes
20231011,202310,Miercoles
20231012,202310,Jueves
20231013,202310,Viernes
20231014,202310,Sabado
20231015,202310,Domingo
20231016,202310,Lunes
20231017,202310,Martes
20231018,202310,Miercoles
20231019,202310,Jueves
20231020,202310,Viernes
20231021,202310,Sabado
20231022,202310,Domingo
20231023,202310,Lunes
20231024,202310,Martes
20231025,202310,Miercoles
20231026,202310,Jueves
20231027,202310,Viernes
20231028,202310,Sabado
20231029,202310,Domingo
20231030,202310,Lunes
20231031,202310,Martes
20231101,202311,Miercoles
20231102,202311,Jueves
20231103,202311,Viernes
20231104,202311,Sabado
20231105,202311,Domingo
20231106,202311,Lunes
20231107,202311,Martes
20231108,202311,Miercoles
20231109,202311,Jueves
20231110,202311,Viernes
20231111,202311,Sabado
20231112,202311,Domingo
20231113,202311,Lunes
20231114,202311,Martes
20231115,202311,Miercoles
20231116,202311,Jueves
20231117,202311,Viernes
20231118,202311,Sabado
20231119,202311,Domingo
20231120,202311,Lunes
20231121,202311,Martes
20231122,202311,Miercoles
20231123,202311,Jueves
20231124,202311,Viernes
20231125,202311,Sabado
20231126,202311,Domingo
20231127,202311,Lunes
20231128,202311,Martes
20231129,202311,Miercoles
20231130,202311,Jueves
20231201,202312,Viernes
20231202,202312,Sabado
20231203,202312,Domingo
20231204,202312,Lunes
20231205,202312,Martes
20231206,202312,Miercoles
20231207,202312,Jueves
20231208,202312,Viernes
20231209,202312,Sabado
20231210,202312,Domingo
20231211,202312,Lunes
20231212,202312,Martes
20231213,202312,Miercoles
20231214,202312,Jueves
20231215,202312,Viernes
20231216,202312,Sabado
20231217,202312,Domingo
20231218,202312,Lunes
20231219,202312,Martes
20231220,202312,Miercoles
20231221,202312,Jueves
20231222,202312,Viernes
20231223,202312,Sabado
20231224,202312,Domingo
20231225,202312,Lunes
20231226,202312,Martes
20231227,202312,Miercoles
20231228,202312,Jueves
20231229,202312,Viernes
20231230,202312,Sabado
20231231,202312,Domingo
20240101,202401,Lunes
20240102,202401,Martes
20240103,202401,Miercoles
20240104,202401,Jueves
20240105,202401,Viernes
20240106,202401,Sabado
20240107,202401,Domingo
20240108,202401,Lunes
20240109,202401,Martes
20240110,202401,Miercoles
20240111,202401,Jueves
20240112,202401,Viernes
20240113,202401,Sabado
20240114,202401,Domingo
20240115,202401,Lunes
20240116,202401,Martes
20240117,202401,Miercoles
20240118,202401,Jueves
20240119,202401,Viernes
20240120,202401,Sabado
20240121,202401,Domingo
20240122,202401,Lunes
20240123,202401,Martes
20240124,202401,Miercoles
20240125,202401,Jueves
20240126,202401,Viernes
20240127,202401,Sabado
20240128,202401,Domingo
20240129,202401,Lunes
20240130,202401,Martes
20240131,202401,Miercoles
20240201,202402,Jueves
20240202,202402,Viernes
20240203,202402,Sabado
20240204,202402,Domingo
20240205,202402,Lunes
20240206,202402,Martes
20240207,202402,Miercoles
20240208,202402,Jueves
20240209,202402,Viernes
20240210,202402,Sabado
20240211,202402,Domingo
20240212,202402,Lunes
20240213,202402,Martes
20240214,202402,Miercoles
20240215,202402,Jueves
20240216,202402,Viernes
20240217,202402,Sabado
20240218,202402,Domingo
20240219,202402,Lunes
20240220,202402,Martes
20240221,202402,Miercoles
20240222,202402,Jueves
20240223,202402,Viernes
20240224,202402,Sabado
20240225,202402,Domingo
20240226,202402,Lunes
20240227,202402,Martes
20240228,202402,Miercoles
20240229,202402,Jueves
20240301,202403,Viernes
20240302,202403,Sabado
20240303,202403,Domingo
20240304,202403,Lunes
20240305,202403,Martes
20240306,202403,Miercoles
20240307,202403,Jueves
20240308,202403,Viernes
20240309,202403,Sabado
20240310,202403,Domingo
20240311,202403,Lunes
20240312,202403,Martes
20240313,202403,Miercoles
20240314,202403,Jueves
20240315,202403,Viernes
20240316,202403,Sabado
20240317,202403,Domingo
20240318,202403,Lunes
20240319,202403,Martes
20240320,202403,Miercoles
20240321,202403,Jueves
20240322,202403,Viernes
20240323,202403,Sabado
20240324,202403,Domingo
20240325,202403,Lunes
20240326,202403,Martes
20240327,202403,Miercoles
20240328,202403,Jueves
20240329,202403,Viernes
20240330,202403,Sabado
20240331,202403,Domingo
20240401,202404,Lunes
20240402,202404,Martes
20240403,202404,Miercoles
20240404,202404,Jueves
20240405,202404,Viernes
20240406,202404,Sabado
20240407,202404,Domingo
20240408,202404,Lunes
20240409,202404,Martes
20240410,202404,Miercoles
20240411,202404,Jueves
20240412,202404,Viernes
20240413,202404,Sabado
20240414,202404,Domingo
20240415,202404,Lunes
20240416,202404,Martes
20240417,202404,Miercoles
20240418,202404,Jueves
20240419,202404,Viernes
20240420,202404,Sabado
20240421,202404,Domingo
20240422,202404,Lunes
20240423,202404,Martes
20240424,202404,Miercoles
20240425,202404,Jueves
20240426,202404,Viernes
20240427,202404,Sabado
20240428,202404,Domingo
20240429,202404,Lunes
20240430,202404,Martes
20240501,202405,Miercoles
20240502,202405,Jueves
20240503,202405,Viernes
20240504,202405,Sabado
20240505,202405,Domingo
20240506,202405,Lunes
20240507,202405,Martes
20240508,202405,Miercoles
20240509,202405,Jueves
20240510,202405,Viernes
20240511,202405,Sabado
20240512,202405,Domingo
20240513,202405,Lunes
20240514,202405,Martes
20240515,202405,Miercoles
20240516,202405,Jueves
20240517,202405,Viernes
20240518,202405,Sabado
20240519,202405,Domingo
20240520,202405,Lunes
20240521,202405,Martes
20240522,202405,Miercoles
20240523,202405,Jueves
20240524,202405,Viernes
20240525,202405,Sabado
20240526,202405,Domingo
20240527,202405,Lunes
20240528,202405,Martes
20240529,202405,Miercoles
20240530,202405,Jueves
20240531,202405,Viernes
20240601,202406,Sabado
20240602,202406,Domingo
20240603,202406,Lunes
20240604,202406,Martes
20240605,202406,Miercoles
20240606,202406,Jueves
20240607,202406,Viernes
20240608,202406,Sabado
20240609,202406,Domingo
20240610,202406,Lunes
20240611,202406,Martes
20240612,202406,Miercoles
20240613,202406,Jueves
20240614,202406,Viernes
20240615,202406,Sabado
20240616,202406,Domingo
20240617,202406,Lunes
20240618,202406,Martes
20240619,202406,Miercoles
20240620,202406,Jueves
20240621,202406,Viernes
20240622,202406,Sabado
20240623,202406,Domingo
20240624,202406,Lunes
20240625,202406,Martes
20240626,202406,Miercoles
20240627,202406,Jueves
20240628,202406,Viernes
20240629,202406,Sabado
20240630,202406,Domingo
20240701,202407,Lunes
20240702,202407,Martes
20240703,202407,Miercoles
20240704,202407,Jueves
20240705,202407,Viernes
20240706,202407,Sabado
20240707,202407,Domingo
20240708,202407,Lunes
20240709,202407,Martes
20240710,202407,Miercoles
20240711,202407,Jueves
20240712,202407,Viernes
20240713,202407,Sabado
20240714,202407,Domingo
20240715,202407,Lunes
20240716,202407,Martes
20240717,202407,Miercoles
20240718,202407,Jueves
20240719,202407,Viernes
20240720,202407,Sabado
20240721,202407,Domingo
20240722,202407,Lunes
20240723,202407,Martes
20240724,202407,Miercoles
20240725,202407,Jueves
20240726,202407,Viernes
20240727,202407,Sabado
20240728,202407,Domingo
20240729,202407,Lunes
20240730,202407,Martes
20240731,202407,Miercoles
20240801,202408,Jueves
20240802,202408,Viernes
20240803,202408,Sabado
20240804,202408,Domingo
20240805,202408,Lunes
20240806,202408,Martes
20240807,202408,Miercoles
20240808,202408,Jueves
20240809,202408,Viernes
20240810,202408,Sabado
20240811,202408,Domingo
20240812,202408,Lunes
20240813,202408,Martes
20240814,202408,Miercoles
20240815,202408,Jueves
20240816,202408,Viernes
20240817,202408,Sabado
20240818,202408,Domingo
20240819,202408,Lunes
20240820,202408,Martes
20240821,202408,Miercoles
20240822,202408,Jueves
20240823,202408,Viernes
20240824,202408,Sabado
20240825,202408,Domingo
20240826,202408,Lunes
20240827,202408,Martes
20240828,202408,Miercoles
20240829,202408,Jueves
20240830,202408,Viernes
20240831,202408,Sabado
20240901,202409,Domingo
20240902,202409,Lunes
20240903,202409,Martes
20240904,202409,Miercoles
20240905,202409,Jueves
20240906,202409,Viernes
20240907,202409,Sabado
20240908,202409,Domingo
20240909,202409,Lunes
20240910,202409,Martes
20240911,202409,Miercoles
20240912,202409,Jueves
20240913,202409,Viernes
20240914,202409,Sabado
20240915,202409,Domingo
20240916,202409,Lunes
20240917,202409,Martes
20240918,202409,Miercoles
20240919,202409,Jueves
20240920,202409,Viernes
20240921,202409,Sabado
20240922,202409,Domingo
20240923,202409,Lunes
20240924,202409,Martes
20240925,202409,Miercoles
20240926,202409,Jueves
20240927,202409,Viernes
20240928,202409,Sabado
20240929,202409,Domingo
20240930,202409,Lunes
20241001,202410,Martes
20241002,202410,Miercoles
20241003,202410,Jueves
20241004,202410,Viernes
20241005,202410,Sabado
20241006,202410,Domingo
20241007,202410,Lunes
20241008,202410,Martes
20241009,202410,Miercoles
20241010,202410,Jueves
20241011,202410,Viernes
20241012,202410,Sabado
20241013,202410,Domingo
20241014,202410,Lunes
20241015,202410,Martes
20241016,202410,Miercoles
20241017,202410,Jueves
20241018,202410,Viernes
20241019,202410,Sabado
20241020,202410,Domingo
20241021,202410,Lunes
20241022,202410,Martes
20241023,202410,Miercoles
20241024,202410,Jueves
20241025,202410,Viernes
20241026,202410,Sabado
20241027,202410,Domingo
20241028,202410,Lunes
20241029,202410,Martes
20241030,202410,Miercoles
20241031,202410,Jueves
20241101,202411,Viernes
20241102,202411,Sabado
20241103,202411,Domingo
20241104,202411,Lunes
20241105,202411,Martes
20241106,202411,Miercoles
20241107,202411,Jueves
20241108,202411,Viernes
20241109,202411,Sabado
20241110,202411,Domingo
20241111,202411,Lunes
20241112,202411,Martes
20241113,202411,Miercoles
20241114,202411,Jueves
20241115,202411,Viernes
20241116,202411,Sabado
20241117,202411,Domingo
20241118,202411,Lunes
20241119,202411,Martes
20241120,202411,Miercoles
20241121,202411,Jueves
20241122,202411,Viernes
20241123,202411,Sabado
20241124,202411,Domingo
20241125,202411,Lunes
20241126,202411,Martes
20241127,202411,Miercoles
20241128,202411,Jueves
20241129,202411,Viernes
20241130,202411,Sabado
20241201,202412,Domingo
20241202,202412,Lunes
20241203,202412,Martes
20241204,202412,Miercoles
20241205,202412,Jueves
20241206,202412,Viernes
20241207,202412,Sabado
20241208,202412,Domingo
20241209,202412,Lunes
20241210,202412,Martes
20241211,202412,Miercoles
20241212,202412,Jueves
20241213,202412,Viernes
20241214,202412,Sabado
20241215,202412,Domingo
20241216,202412,Lunes
20241217,202412,Martes
20241218,202412,Miercoles
20241219,202412,Jueves
20241220,202412,Viernes
20241221,202412,Sabado
20241222,202412,Domingo
20241223,202412,Lunes
20241224,202412,Martes
20241225,202412,Miercoles
20241226,202412,Jueves
20241227,202412,Viernes
20241228,202412,Sabado
20241229,202412,Domingo
20241230,202412,Lunes
20241231,202412,Martes
20250101,202501,Miercoles
20250102,202501,Jueves
20250103,202501,Viernes
20250104,202501,Sabado
20250105,202501,Domingo
20250106,202501,Lunes
20250107,202501,Martes
20250108,202501,Miercoles
20250109,202501,Jueves
20250110,202501,Viernes
20250111,202501,Sabado
20250112,202501,Domingo
20250113,202501,Lunes
20250114,202501,Martes
20250115,202501,Miercoles
20250116,202501,Jueves
20250117,202501,Viernes
20250118,202501,Sabado
20250119,202501,Domingo
20250120,202501,Lunes
20250121,202501,Martes
20250122,202501,Miercoles
20250123,202501,Jueves
20250124,202501,Viernes
20250125,202501,Sabado
20250126,202501,Domingo
20250127,202501,Lunes
20250128,202501,Martes
20250129,202501,Miercoles
20250130,202501,Jueves
20250131,202501,Viernes
20250201,202502,Sabado
20250202,202502,Domingo
20250203,202502,Lunes
20250204,202502,Martes
20250205,202502,Miercoles
20250206,202502,Jueves
20250207,202502,Viernes
20250208,202502,Sabado
20250209,202502,Domingo
20250210,202502,Lunes
20250211,202502,Martes
20250212,202502,Miercoles
20250213,202502,Jueves
20250214,202502,Viernes
20250215,202502,Sabado
20250216,202502,Domingo
20250217,202502,Lunes
20250218,202502,Martes
20250219,202502,Miercoles
20250220,202502,Jueves
20250221,202502,Viernes
20250222,202502,Sabado
20250223,202502,Domingo
20250224,202502,Lunes
20250225,202502,Martes
20250226,202502,Miercoles
20250227,202502,Jueves
20250228,202502,Viernes
20250301,202503,Sabado
20250302,202503,Domingo
20250303,202503,Lunes
20250304,202503,Martes
20250305,202503,Miercoles
20250306,202503,Jueves
20250307,202503,Viernes
20250308,202503,Sabado
20250309,202503,Domingo
20250310,202503,Lunes
20250311,202503,Martes
20250312,202503,Miercoles
20250313,202503,Jueves
20250314,202503,Viernes
20250315,202503,Sabado
20250316,202503,Domingo
20250317,202503,Lunes
20250318,202503,Martes
20250319,202503,Miercoles
20250320,202503,Jueves
20250321,202503,Viernes
20250322,202503,Sabado
20250323,202503,Domingo
20250324,202503,Lunes
20250325,202503,Martes
20250326,202503,Miercoles
20250327,202503,Jueves
20250328,202503,Viernes
20250329,202503,Sabado
20250330,202503,Domingo
20250331,202503,Lunes
20250401,202504,Martes
20250402,202504,Miercoles
20250403,202504,Jueves
20250404,202504,Viernes
20250405,202504,Sabado
20250406,202504,Domingo
20250407,202504,Lunes
20250408,202504,Martes
20250409,202504,Miercoles
20250410,202504,Jueves
20250411,202504,Viernes
20250412,202504,Sabado
20250413,202504,Domingo
20250414,202504,Lunes
20250415,202504,Martes
20250416,202504,Miercoles
20250417,202504,Jueves
20250418,202504,Viernes
20250419,202504,Sabado
20250420,202504,Domingo
20250421,202504,Lunes
20250422,202504,Martes
20250423,202504,Miercoles
20250424,202504,Jueves
20250425,202504,Viernes
20250426,202504,Sabado
20250427,202504,Domingo
20250428,202504,Lunes
20250429,202504,Martes
20250430,202504,Miercoles
